,Home team,Away team,Home goals,Away goals,Stage,date,Match winner
0,FC Santa Coloma,Drita KF Gjilan,0,2,Preliminary Semi Finals,2018-06-26,Drita KF Gjilan
1,SP La Fiorita,Lincoln Red Imps FC,0,2,Preliminary Semi Finals,2018-06-26,Lincoln Red Imps FC
2,Lincoln Red Imps FC,Drita KF Gjilan,1,4,Preliminary Final,2018-06-29,Drita KF Gjilan
3,FC Torpedo Kutaisi,FC Sheriff Tiraspol,2,1,1St Qualifying Round,2018-07-10,FC Torpedo Kutaisi
4,FC Flora,Hapoel Be'er Sheva FC,1,4,1St Qualifying Round,2018-07-10,Hapoel Be'er Sheva FC
5,F91 Diddeleng,MOL Fehérvár FC,1,1,1St Qualifying Round,2018-07-10,Draw
6,FC Alashkert,Celtic FC,0,3,1St Qualifying Round,2018-07-10,Celtic FC
7,Víkingur Gøta,Helsingin JK,1,2,1St Qualifying Round,2018-07-10,Helsingin JK
8,KF Shkëndija 79,The New Saints FC,5,0,1St Qualifying Round,2018-07-10,KF Shkëndija 79
9,Drita KF Gjilan,Malmö FF,0,3,1St Qualifying Round,2018-07-10,Malmö FF
10,Cork City FC,Legia Warszawa,0,1,1St Qualifying Round,2018-07-10,Legia Warszawa
11,Astana FK,FK Sutjeska Nikšić,1,0,1St Qualifying Round,2018-07-11,Astana FK
12,FK Sūduva Marijampolė,APOEL FC,3,1,1St Qualifying Round,2018-07-11,FK Sūduva Marijampolė
13,FK Spartaks Jūrmala,FK Crvena Zvezda,0,0,1St Qualifying Round,2018-07-11,Draw
14,FC Spartak Trnava,HŠK Zrinjski Mostar,1,0,1St Qualifying Round,2018-07-11,FC Spartak Trnava
15,PFK Ludogorets 1945 Razgrad,Crusaders FC,7,0,1St Qualifying Round,2018-07-11,PFK Ludogorets 1945 Razgrad
16,FK Kukësi,Valletta FC,0,0,1St Qualifying Round,2018-07-11,Draw
17,NK Olimpija Ljubljana,Qarabağ Ağdam FK,0,1,1St Qualifying Round,2018-07-11,Qarabağ Ağdam FK
18,KF Valur,Rosenborg BK,1,0,1St Qualifying Round,2018-07-11,KF Valur
19,Helsingin JK,Víkingur Gøta,3,1,1St Qualifying Round,2018-07-17,Helsingin JK
20,Valletta FC,FK Kukësi,1,1,1St Qualifying Round,2018-07-17,Draw
21,APOEL FC,FK Sūduva Marijampolė,1,0,1St Qualifying Round,2018-07-17,APOEL FC
22,Malmö FF,Drita KF Gjilan,2,0,1St Qualifying Round,2018-07-17,Malmö FF
23,Hapoel Be'er Sheva FC,FC Flora,3,1,1St Qualifying Round,2018-07-17,Hapoel Be'er Sheva FC
24,The New Saints FC,KF Shkëndija 79,4,0,1St Qualifying Round,2018-07-17,The New Saints FC
25,MOL Fehérvár FC,F91 Diddeleng,2,1,1St Qualifying Round,2018-07-17,MOL Fehérvár FC
26,FK Crvena Zvezda,FK Spartaks Jūrmala,2,0,1St Qualifying Round,2018-07-17,FK Crvena Zvezda
27,Crusaders FC,PFK Ludogorets 1945 Razgrad,0,2,1St Qualifying Round,2018-07-17,PFK Ludogorets 1945 Razgrad
28,Legia Warszawa,Cork City FC,3,0,1St Qualifying Round,2018-07-17,Legia Warszawa
29,FC Sheriff Tiraspol,FC Torpedo Kutaisi,3,0,1St Qualifying Round,2018-07-18,FC Sheriff Tiraspol
30,Qarabağ Ağdam FK,NK Olimpija Ljubljana,0,0,1St Qualifying Round,2018-07-18,Draw
31,HŠK Zrinjski Mostar,FC Spartak Trnava,1,1,1St Qualifying Round,2018-07-18,Draw
32,Rosenborg BK,KF Valur,3,1,1St Qualifying Round,2018-07-18,Rosenborg BK
33,FK Sutjeska Nikšić,Astana FK,0,2,1St Qualifying Round,2018-07-18,Astana FK
34,Celtic FC,FC Alashkert,3,0,1St Qualifying Round,2018-07-18,Celtic FC
35,Astana FK,FC Midtjylland,2,1,2Nd Qualifying Round,2018-07-24,Astana FK
36,FC CFR 1907 Cluj,Malmö FF,0,1,2Nd Qualifying Round,2018-07-24,Malmö FF
37,PAOK FC,FC Basel 1893,2,1,2Nd Qualifying Round,2018-07-24,PAOK FC
38,GNK Dinamo Zagreb,Hapoel Be'er Sheva FC,5,0,2Nd Qualifying Round,2018-07-24,GNK Dinamo Zagreb
39,KF Shkëndija 79,FC Sheriff Tiraspol,1,0,2Nd Qualifying Round,2018-07-24,KF Shkëndija 79
40,FK Crvena Zvezda,FK Sūduva Marijampolė,3,0,2Nd Qualifying Round,2018-07-24,FK Crvena Zvezda
41,Legia Warszawa,FC Spartak Trnava,0,2,2Nd Qualifying Round,2018-07-24,FC Spartak Trnava
42,FK BATE Barysaŭ,Helsingin JK,0,0,2Nd Qualifying Round,2018-07-25,Draw
43,FK Kukësi,Qarabağ Ağdam FK,0,0,2Nd Qualifying Round,2018-07-25,Draw
44,PFK Ludogorets 1945 Razgrad,MOL Fehérvár FC,0,0,2Nd Qualifying Round,2018-07-25,Draw
45,AFC Ajax,SK Puntigamer Sturm Graz,2,0,2Nd Qualifying Round,2018-07-25,AFC Ajax
46,Celtic FC,Rosenborg BK,3,1,2Nd Qualifying Round,2018-07-25,Celtic FC
47,Hapoel Be'er Sheva FC,GNK Dinamo Zagreb,2,2,2Nd Qualifying Round,2018-07-31,Draw
48,FC Sheriff Tiraspol,KF Shkëndija 79,0,0,2Nd Qualifying Round,2018-07-31,Draw
49,FC Spartak Trnava,Legia Warszawa,0,1,2Nd Qualifying Round,2018-07-31,Legia Warszawa
50,Helsingin JK,FK BATE Barysaŭ,1,2,2Nd Qualifying Round,2018-08-01,FK BATE Barysaŭ
51,FC Midtjylland,Astana FK,0,0,2Nd Qualifying Round,2018-08-01,Draw
52,Qarabağ Ağdam FK,FK Kukësi,3,0,2Nd Qualifying Round,2018-08-01,Qarabağ Ağdam FK
53,Malmö FF,FC CFR 1907 Cluj,1,1,2Nd Qualifying Round,2018-08-01,Draw
54,FK Sūduva Marijampolė,FK Crvena Zvezda,0,2,2Nd Qualifying Round,2018-08-01,FK Crvena Zvezda
55,FC Basel 1893,PAOK FC,0,3,2Nd Qualifying Round,2018-08-01,PAOK FC
56,MOL Fehérvár FC,PFK Ludogorets 1945 Razgrad,1,0,2Nd Qualifying Round,2018-08-01,MOL Fehérvár FC
57,SK Puntigamer Sturm Graz,AFC Ajax,1,3,2Nd Qualifying Round,2018-08-01,AFC Ajax
58,Rosenborg BK,Celtic FC,0,0,2Nd Qualifying Round,2018-08-01,Draw
59,Astana FK,GNK Dinamo Zagreb,0,2,3Rd Qualifying Round,2018-08-07,GNK Dinamo Zagreb
60,Qarabağ Ağdam FK,FK BATE Barysaŭ,0,1,3Rd Qualifying Round,2018-08-07,FK BATE Barysaŭ
61,Malmö FF,MOL Fehérvár FC,1,1,3Rd Qualifying Round,2018-08-07,Draw
62,SK Slavia Praha,FK Dynamo Kyiv,1,1,3Rd Qualifying Round,2018-08-07,Draw
63,Royal Standard de Liège,AFC Ajax,2,2,3Rd Qualifying Round,2018-08-07,Draw
64,FK Crvena Zvezda,FC Spartak Trnava,1,1,3Rd Qualifying Round,2018-08-07,Draw
65,Sport Lisboa e Benfica,Fenerbahçe SK,1,0,3Rd Qualifying Round,2018-08-07,Sport Lisboa e Benfica
66,FC Red Bull Salzburg,KF Shkëndija 79,3,0,3Rd Qualifying Round,2018-08-08,FC Red Bull Salzburg
67,PAOK FC,FK Spartak Moskva,3,2,3Rd Qualifying Round,2018-08-08,PAOK FC
68,Celtic FC,PAE AEK,1,1,3Rd Qualifying Round,2018-08-08,Draw
69,FK Dynamo Kyiv,SK Slavia Praha,2,0,3Rd Qualifying Round,2018-08-14,FK Dynamo Kyiv
70,FK BATE Barysaŭ,Qarabağ Ağdam FK,1,1,3Rd Qualifying Round,2018-08-14,Draw
71,FK Spartak Moskva,PAOK FC,0,0,3Rd Qualifying Round,2018-08-14,Draw
72,GNK Dinamo Zagreb,Astana FK,1,0,3Rd Qualifying Round,2018-08-14,GNK Dinamo Zagreb
73,MOL Fehérvár FC,Malmö FF,0,0,3Rd Qualifying Round,2018-08-14,Draw
74,PAE AEK,Celtic FC,2,1,3Rd Qualifying Round,2018-08-14,PAE AEK
75,Fenerbahçe SK,Sport Lisboa e Benfica,1,1,3Rd Qualifying Round,2018-08-14,Draw
76,KF Shkëndija 79,FC Red Bull Salzburg,0,1,3Rd Qualifying Round,2018-08-14,FC Red Bull Salzburg
77,FC Spartak Trnava,FK Crvena Zvezda,1,2,3Rd Qualifying Round,2018-08-14,FK Crvena Zvezda
78,AFC Ajax,Royal Standard de Liège,3,0,3Rd Qualifying Round,2018-08-14,AFC Ajax
79,FK Crvena Zvezda,FC Red Bull Salzburg,0,0,Play Off Round,2018-08-21,Draw
80,Sport Lisboa e Benfica,PAOK FC,1,1,Play Off Round,2018-08-21,Draw
81,FK BATE Barysaŭ,PSV,2,3,Play Off Round,2018-08-21,PSV
82,MOL Fehérvár FC,PAE AEK,1,2,Play Off Round,2018-08-22,PAE AEK
83,AFC Ajax,FK Dynamo Kyiv,3,1,Play Off Round,2018-08-22,AFC Ajax
84,BSC Young Boys,GNK Dinamo Zagreb,1,1,Play Off Round,2018-08-22,Draw
85,PAE AEK,MOL Fehérvár FC,1,1,Play Off Round,2018-08-28,Draw
86,FK Dynamo Kyiv,AFC Ajax,0,0,Play Off Round,2018-08-28,Draw
87,GNK Dinamo Zagreb,BSC Young Boys,1,2,Play Off Round,2018-08-28,BSC Young Boys
88,FC Red Bull Salzburg,FK Crvena Zvezda,2,2,Play Off Round,2018-08-29,Draw
89,PAOK FC,Sport Lisboa e Benfica,1,4,Play Off Round,2018-08-29,Sport Lisboa e Benfica
90,PSV,FK BATE Barysaŭ,3,0,Play Off Round,2018-08-29,PSV
91,FC Barcelona,PSV,4,0,Group Stage,2018-09-18,FC Barcelona
92,FC Internazionale Milano,Tottenham Hotspur FC,2,1,Group Stage,2018-09-18,FC Internazionale Milano
93,AS Monaco FC,Club Atlético de Madrid,1,2,Group Stage,2018-09-18,Club Atlético de Madrid
94,Club Brugge KV,Borussia Dortmund,0,1,Group Stage,2018-09-18,Borussia Dortmund
95,Liverpool FC,Paris Saint-Germain FC,3,2,Group Stage,2018-09-18,Liverpool FC
96,FK Crvena Zvezda,SSC Napoli,0,0,Group Stage,2018-09-18,Draw
97,FC Schalke 04,FC Porto,1,1,Group Stage,2018-09-18,Draw
98,Galatasaray SK,FK Lokomotiv Moskva,3,0,Group Stage,2018-09-18,Galatasaray SK
99,AFC Ajax,PAE AEK,3,0,Group Stage,2018-09-19,AFC Ajax
100,FK Shakhtar Donetsk,TSG 1899 Hoffenheim,2,2,Group Stage,2018-09-19,Draw
101,Sport Lisboa e Benfica,FC Bayern München,0,2,Group Stage,2018-09-19,FC Bayern München
102,Manchester City FC,Olympique Lyonnais,1,2,Group Stage,2018-09-19,Olympique Lyonnais
103,Real Madrid CF,AS Roma,3,0,Group Stage,2018-09-19,Real Madrid CF
104,FC Viktoria Plzeň,PFC CSKA Moskva,2,2,Group Stage,2018-09-19,Draw
105,Valencia CF,Juventus FC,0,2,Group Stage,2018-09-19,Juventus FC
106,BSC Young Boys,Manchester United FC,0,3,Group Stage,2018-09-19,Manchester United FC
107,TSG 1899 Hoffenheim,Manchester City FC,1,2,Group Stage,2018-10-02,Manchester City FC
108,Juventus FC,BSC Young Boys,3,0,Group Stage,2018-10-02,Juventus FC
109,FC Bayern München,AFC Ajax,1,1,Group Stage,2018-10-02,Draw
110,PAE AEK,Sport Lisboa e Benfica,2,3,Group Stage,2018-10-02,Sport Lisboa e Benfica
111,Olympique Lyonnais,FK Shakhtar Donetsk,2,2,Group Stage,2018-10-02,Draw
112,AS Roma,FC Viktoria Plzeň,5,0,Group Stage,2018-10-02,AS Roma
113,PFC CSKA Moskva,Real Madrid CF,1,0,Group Stage,2018-10-02,PFC CSKA Moskva
114,Manchester United FC,Valencia CF,0,0,Group Stage,2018-10-02,Draw
115,Paris Saint-Germain FC,FK Crvena Zvezda,6,1,Group Stage,2018-10-03,Paris Saint-Germain FC
116,FK Lokomotiv Moskva,FC Schalke 04,0,1,Group Stage,2018-10-03,FC Schalke 04
117,Borussia Dortmund,AS Monaco FC,3,0,Group Stage,2018-10-03,Borussia Dortmund
118,Club Atlético de Madrid,Club Brugge KV,3,1,Group Stage,2018-10-03,Club Atlético de Madrid
119,Tottenham Hotspur FC,FC Barcelona,2,4,Group Stage,2018-10-03,FC Barcelona
120,PSV,FC Internazionale Milano,1,2,Group Stage,2018-10-03,FC Internazionale Milano
121,SSC Napoli,Liverpool FC,1,0,Group Stage,2018-10-03,SSC Napoli
122,FC Porto,Galatasaray SK,1,0,Group Stage,2018-10-03,FC Porto
123,PAE AEK,FC Bayern München,0,2,Group Stage,2018-10-23,FC Bayern München
124,BSC Young Boys,Valencia CF,1,1,Group Stage,2018-10-23,Draw
125,AFC Ajax,Sport Lisboa e Benfica,1,0,Group Stage,2018-10-23,AFC Ajax
126,TSG 1899 Hoffenheim,Olympique Lyonnais,3,3,Group Stage,2018-10-23,Draw
127,FK Shakhtar Donetsk,Manchester City FC,0,3,Group Stage,2018-10-23,Manchester City FC
128,Real Madrid CF,FC Viktoria Plzeň,2,1,Group Stage,2018-10-23,Real Madrid CF
129,AS Roma,PFC CSKA Moskva,3,0,Group Stage,2018-10-23,AS Roma
130,Manchester United FC,Juventus FC,0,1,Group Stage,2018-10-23,Juventus FC
131,Club Brugge KV,AS Monaco FC,1,1,Group Stage,2018-10-24,Draw
132,PSV,Tottenham Hotspur FC,2,2,Group Stage,2018-10-24,Draw
133,Borussia Dortmund,Club Atlético de Madrid,4,0,Group Stage,2018-10-24,Borussia Dortmund
134,FC Barcelona,FC Internazionale Milano,2,0,Group Stage,2018-10-24,FC Barcelona
135,Liverpool FC,FK Crvena Zvezda,4,0,Group Stage,2018-10-24,Liverpool FC
136,Paris Saint-Germain FC,SSC Napoli,2,2,Group Stage,2018-10-24,Draw
137,Galatasaray SK,FC Schalke 04,0,0,Group Stage,2018-10-24,Draw
138,FK Lokomotiv Moskva,FC Porto,1,3,Group Stage,2018-10-24,FC Porto
139,AS Monaco FC,Club Brugge KV,0,4,Group Stage,2018-11-06,Club Brugge KV
140,FK Crvena Zvezda,Liverpool FC,2,0,Group Stage,2018-11-06,FK Crvena Zvezda
141,Club Atlético de Madrid,Borussia Dortmund,2,0,Group Stage,2018-11-06,Club Atlético de Madrid
142,Tottenham Hotspur FC,PSV,2,1,Group Stage,2018-11-06,Tottenham Hotspur FC
143,FC Internazionale Milano,FC Barcelona,1,1,Group Stage,2018-11-06,Draw
144,SSC Napoli,Paris Saint-Germain FC,1,1,Group Stage,2018-11-06,Draw
145,FC Schalke 04,Galatasaray SK,2,0,Group Stage,2018-11-06,FC Schalke 04
146,FC Porto,FK Lokomotiv Moskva,4,1,Group Stage,2018-11-06,FC Porto
147,PFC CSKA Moskva,AS Roma,1,2,Group Stage,2018-11-07,AS Roma
148,Valencia CF,BSC Young Boys,3,1,Group Stage,2018-11-07,Valencia CF
149,FC Bayern München,PAE AEK,2,0,Group Stage,2018-11-07,FC Bayern München
150,Sport Lisboa e Benfica,AFC Ajax,1,1,Group Stage,2018-11-07,Draw
151,Manchester City FC,FK Shakhtar Donetsk,6,0,Group Stage,2018-11-07,Manchester City FC
152,Olympique Lyonnais,TSG 1899 Hoffenheim,2,2,Group Stage,2018-11-07,Draw
153,FC Viktoria Plzeň,Real Madrid CF,0,5,Group Stage,2018-11-07,Real Madrid CF
154,Juventus FC,Manchester United FC,1,2,Group Stage,2018-11-07,Manchester United FC
155,PAE AEK,AFC Ajax,0,2,Group Stage,2018-11-27,AFC Ajax
156,PFC CSKA Moskva,FC Viktoria Plzeň,1,2,Group Stage,2018-11-27,FC Viktoria Plzeň
157,FC Bayern München,Sport Lisboa e Benfica,5,1,Group Stage,2018-11-27,FC Bayern München
158,TSG 1899 Hoffenheim,FK Shakhtar Donetsk,2,3,Group Stage,2018-11-27,FK Shakhtar Donetsk
159,Olympique Lyonnais,Manchester City FC,2,2,Group Stage,2018-11-27,Draw
160,AS Roma,Real Madrid CF,0,2,Group Stage,2018-11-27,Real Madrid CF
161,Manchester United FC,BSC Young Boys,1,0,Group Stage,2018-11-27,Manchester United FC
162,Juventus FC,Valencia CF,1,0,Group Stage,2018-11-27,Juventus FC
163,Club Atlético de Madrid,AS Monaco FC,2,0,Group Stage,2018-11-28,Club Atlético de Madrid
164,FK Lokomotiv Moskva,Galatasaray SK,2,0,Group Stage,2018-11-28,FK Lokomotiv Moskva
165,Borussia Dortmund,Club Brugge KV,0,0,Group Stage,2018-11-28,Draw
166,Tottenham Hotspur FC,FC Internazionale Milano,1,0,Group Stage,2018-11-28,Tottenham Hotspur FC
167,PSV,FC Barcelona,1,2,Group Stage,2018-11-28,FC Barcelona
168,Paris Saint-Germain FC,Liverpool FC,2,1,Group Stage,2018-11-28,Paris Saint-Germain FC
169,SSC Napoli,FK Crvena Zvezda,3,1,Group Stage,2018-11-28,SSC Napoli
170,FC Porto,FC Schalke 04,3,1,Group Stage,2018-11-28,FC Porto
171,FC Schalke 04,FK Lokomotiv Moskva,1,0,Group Stage,2018-12-11,FC Schalke 04
172,Galatasaray SK,FC Porto,2,3,Group Stage,2018-12-11,FC Porto
173,AS Monaco FC,Borussia Dortmund,0,2,Group Stage,2018-12-11,Borussia Dortmund
174,Club Brugge KV,Club Atlético de Madrid,0,0,Group Stage,2018-12-11,Draw
175,FC Barcelona,Tottenham Hotspur FC,1,1,Group Stage,2018-12-11,Draw
176,FC Internazionale Milano,PSV,1,1,Group Stage,2018-12-11,Draw
177,Liverpool FC,SSC Napoli,1,0,Group Stage,2018-12-11,Liverpool FC
178,FK Crvena Zvezda,Paris Saint-Germain FC,1,4,Group Stage,2018-12-11,Paris Saint-Germain FC
179,Real Madrid CF,PFC CSKA Moskva,0,3,Group Stage,2018-12-12,PFC CSKA Moskva
180,FC Viktoria Plzeň,AS Roma,2,1,Group Stage,2018-12-12,FC Viktoria Plzeň
181,AFC Ajax,FC Bayern München,3,3,Group Stage,2018-12-12,Draw
182,Sport Lisboa e Benfica,PAE AEK,1,0,Group Stage,2018-12-12,Sport Lisboa e Benfica
183,Manchester City FC,TSG 1899 Hoffenheim,2,1,Group Stage,2018-12-12,Manchester City FC
184,FK Shakhtar Donetsk,Olympique Lyonnais,1,1,Group Stage,2018-12-12,Draw
185,Valencia CF,Manchester United FC,2,1,Group Stage,2018-12-12,Valencia CF
186,BSC Young Boys,Juventus FC,2,1,Group Stage,2018-12-12,BSC Young Boys
187,Manchester United FC,Paris Saint-Germain FC,0,2,Round Of 16,2019-02-12,Paris Saint-Germain FC
188,AS Roma,FC Porto,2,1,Round Of 16,2019-02-12,AS Roma
189,Tottenham Hotspur FC,Borussia Dortmund,3,0,Round Of 16,2019-02-13,Tottenham Hotspur FC
190,AFC Ajax,Real Madrid CF,1,2,Round Of 16,2019-02-13,Real Madrid CF
191,Olympique Lyonnais,FC Barcelona,0,0,Round Of 16,2019-02-19,Draw
192,Liverpool FC,FC Bayern München,0,0,Round Of 16,2019-02-19,Draw
193,FC Schalke 04,Manchester City FC,2,3,Round Of 16,2019-02-20,Manchester City FC
194,Club Atlético de Madrid,Juventus FC,2,0,Round Of 16,2019-02-20,Club Atlético de Madrid
195,Borussia Dortmund,Tottenham Hotspur FC,0,1,Round Of 16,2019-03-05,Tottenham Hotspur FC
196,Real Madrid CF,AFC Ajax,1,4,Round Of 16,2019-03-05,AFC Ajax
197,Paris Saint-Germain FC,Manchester United FC,1,3,Round Of 16,2019-03-06,Manchester United FC
198,FC Porto,AS Roma,3,1,Round Of 16,2019-03-06,FC Porto
199,Manchester City FC,FC Schalke 04,7,0,Round Of 16,2019-03-12,Manchester City FC
200,Juventus FC,Club Atlético de Madrid,3,0,Round Of 16,2019-03-12,Juventus FC
201,FC Barcelona,Olympique Lyonnais,5,1,Round Of 16,2019-03-13,FC Barcelona
202,FC Bayern München,Liverpool FC,1,3,Round Of 16,2019-03-13,Liverpool FC
203,Liverpool FC,FC Porto,2,0,Quarter Finals,2019-04-09,Liverpool FC
204,Tottenham Hotspur FC,Manchester City FC,1,0,Quarter Finals,2019-04-09,Tottenham Hotspur FC
205,AFC Ajax,Juventus FC,1,1,Quarter Finals,2019-04-10,Draw
206,Manchester United FC,FC Barcelona,0,1,Quarter Finals,2019-04-10,FC Barcelona
207,Juventus FC,AFC Ajax,1,2,Quarter Finals,2019-04-16,AFC Ajax
208,FC Barcelona,Manchester United FC,3,0,Quarter Finals,2019-04-16,FC Barcelona
209,FC Porto,Liverpool FC,1,4,Quarter Finals,2019-04-17,Liverpool FC
210,Manchester City FC,Tottenham Hotspur FC,4,3,Quarter Finals,2019-04-17,Manchester City FC
211,Tottenham Hotspur FC,AFC Ajax,0,1,Semi Finals,2019-04-30,AFC Ajax
212,FC Barcelona,Liverpool FC,3,0,Semi Finals,2019-05-01,FC Barcelona
213,Liverpool FC,FC Barcelona,4,0,Semi Finals,2019-05-07,Liverpool FC
214,AFC Ajax,Tottenham Hotspur FC,2,3,Semi Finals,2019-05-08,Tottenham Hotspur FC
215,Tottenham Hotspur FC,Liverpool FC,0,2,Final,2019-06-01,Liverpool FC
0,SP Tre Penne,FC Santa Coloma,0,1,Preliminary Semi Finals,2019-06-25,FC Santa Coloma
1,KF Feronikeli,Lincoln Red Imps FC,1,0,Preliminary Semi Finals,2019-06-25,KF Feronikeli
2,KF Feronikeli,FC Santa Coloma,2,1,Preliminary Final,2019-06-28,KF Feronikeli
3,Astana FK,FC CFR 1907 Cluj,1,0,1St Qualifying Round,2019-07-09,Astana FK
4,FC Ararat-Armenia,AIK Fotboll,2,1,1St Qualifying Round,2019-07-09,FC Ararat-Armenia
5,Nõmme Kalju FC,KF Shkëndija 79,0,1,1St Qualifying Round,2019-07-09,KF Shkëndija 79
6,Helsingin JK,HB,3,0,1St Qualifying Round,2019-07-09,Helsingin JK
7,FK Sarajevo,Celtic FC,1,3,1St Qualifying Round,2019-07-09,Celtic FC
8,FK Sūduva Marijampolė,FK Crvena Zvezda,0,0,1St Qualifying Round,2019-07-09,Draw
9,F91 Diddeleng,Valletta FC,2,2,1St Qualifying Round,2019-07-09,Draw
10,The New Saints FC,KF Feronikeli,2,2,1St Qualifying Round,2019-07-09,Draw
11,FK Partizani,Qarabağ Ağdam FK,0,0,1St Qualifying Round,2019-07-10,Draw
12,FC Sheriff Tiraspol,FC Saburtalo,0,3,1St Qualifying Round,2019-07-10,FC Saburtalo
13,FK BATE Barysaŭ,GKS Piast Gliwice,1,1,1St Qualifying Round,2019-07-10,Draw
14,Ferencvárosi TC,PFK Ludogorets 1945 Razgrad,2,1,1St Qualifying Round,2019-07-10,Ferencvárosi TC
15,ŠK Slovan Bratislava,FK Sutjeska Nikšić,1,1,1St Qualifying Round,2019-07-10,Draw
16,Linfield FC,Rosenborg BK,0,2,1St Qualifying Round,2019-07-10,Rosenborg BK
17,Dundalk FC,Rīga FC,0,0,1St Qualifying Round,2019-07-10,Draw
18,KF Valur,NK Maribor,0,3,1St Qualifying Round,2019-07-10,NK Maribor
19,KF Shkëndija 79,Nõmme Kalju FC,1,2,1St Qualifying Round,2019-07-16,Nõmme Kalju FC
20,FC Saburtalo,FC Sheriff Tiraspol,1,3,1St Qualifying Round,2019-07-16,FC Sheriff Tiraspol
21,Valletta FC,F91 Diddeleng,1,1,1St Qualifying Round,2019-07-16,Draw
22,HB,Helsingin JK,2,2,1St Qualifying Round,2019-07-16,Draw
23,FK Crvena Zvezda,FK Sūduva Marijampolė,2,1,1St Qualifying Round,2019-07-16,FK Crvena Zvezda
24,KF Feronikeli,The New Saints FC,0,1,1St Qualifying Round,2019-07-16,The New Saints FC
25,Rīga FC,Dundalk FC,0,0,1St Qualifying Round,2019-07-17,Draw
26,AIK Fotboll,FC Ararat-Armenia,3,1,1St Qualifying Round,2019-07-17,AIK Fotboll
27,Qarabağ Ağdam FK,FK Partizani,2,0,1St Qualifying Round,2019-07-17,Qarabağ Ağdam FK
28,Rosenborg BK,Linfield FC,4,0,1St Qualifying Round,2019-07-17,Rosenborg BK
29,PFK Ludogorets 1945 Razgrad,Ferencvárosi TC,2,3,1St Qualifying Round,2019-07-17,Ferencvárosi TC
30,FC CFR 1907 Cluj,Astana FK,3,1,1St Qualifying Round,2019-07-17,FC CFR 1907 Cluj
31,GKS Piast Gliwice,FK BATE Barysaŭ,1,2,1St Qualifying Round,2019-07-17,FK BATE Barysaŭ
32,FK Sutjeska Nikšić,ŠK Slovan Bratislava,1,1,1St Qualifying Round,2019-07-17,Draw
33,NK Maribor,KF Valur,2,0,1St Qualifying Round,2019-07-17,NK Maribor
34,Celtic FC,FK Sarajevo,2,1,1St Qualifying Round,2019-07-17,Celtic FC
35,FC Viktoria Plzeň,PAE Olympiakos SFP,0,0,2Nd Qualifying Round,2019-07-23,Draw
36,FC Saburtalo,GNK Dinamo Zagreb,0,2,2Nd Qualifying Round,2019-07-23,GNK Dinamo Zagreb
37,PSV,FC Basel 1893,3,2,2Nd Qualifying Round,2019-07-23,PSV
38,The New Saints FC,FC København,0,2,2Nd Qualifying Round,2019-07-23,FC København
39,FK Sutjeska Nikšić,APOEL FC,0,1,2Nd Qualifying Round,2019-07-23,APOEL FC
40,FK BATE Barysaŭ,Rosenborg BK,2,1,2Nd Qualifying Round,2019-07-24,FK BATE Barysaŭ
41,Ferencvárosi TC,Valletta FC,3,1,2Nd Qualifying Round,2019-07-24,Ferencvárosi TC
42,FC CFR 1907 Cluj,Maccabi Tel Aviv FC,1,0,2Nd Qualifying Round,2019-07-24,FC CFR 1907 Cluj
43,NK Maribor,AIK Fotboll,2,1,2Nd Qualifying Round,2019-07-24,NK Maribor
44,Dundalk FC,Qarabağ Ağdam FK,1,1,2Nd Qualifying Round,2019-07-24,Draw
45,FK Crvena Zvezda,Helsingin JK,2,0,2Nd Qualifying Round,2019-07-24,FK Crvena Zvezda
46,Celtic FC,Nõmme Kalju FC,5,0,2Nd Qualifying Round,2019-07-24,Celtic FC
47,Nõmme Kalju FC,Celtic FC,0,2,2Nd Qualifying Round,2019-07-30,Celtic FC
48,APOEL FC,FK Sutjeska Nikšić,3,0,2Nd Qualifying Round,2019-07-30,APOEL FC
49,Maccabi Tel Aviv FC,FC CFR 1907 Cluj,2,2,2Nd Qualifying Round,2019-07-30,Draw
50,Valletta FC,Ferencvárosi TC,1,1,2Nd Qualifying Round,2019-07-30,Draw
51,FC Basel 1893,PSV,2,1,2Nd Qualifying Round,2019-07-30,FC Basel 1893
52,GNK Dinamo Zagreb,FC Saburtalo,3,0,2Nd Qualifying Round,2019-07-30,GNK Dinamo Zagreb
53,PAE Olympiakos SFP,FC Viktoria Plzeň,4,0,2Nd Qualifying Round,2019-07-30,PAE Olympiakos SFP
54,Helsingin JK,FK Crvena Zvezda,2,1,2Nd Qualifying Round,2019-07-31,Helsingin JK
55,Rosenborg BK,FK BATE Barysaŭ,2,0,2Nd Qualifying Round,2019-07-31,Rosenborg BK
56,AIK Fotboll,NK Maribor,3,2,2Nd Qualifying Round,2019-07-31,AIK Fotboll
57,Qarabağ Ağdam FK,Dundalk FC,3,0,2Nd Qualifying Round,2019-07-31,Qarabağ Ağdam FK
58,FC København,The New Saints FC,1,0,2Nd Qualifying Round,2019-07-31,FC København
59,APOEL FC,Qarabağ Ağdam FK,1,2,3Rd Qualifying Round,2019-08-06,Qarabağ Ağdam FK
60,PAOK FC,AFC Ajax,2,2,3Rd Qualifying Round,2019-08-06,Draw
61,GNK Dinamo Zagreb,Ferencvárosi TC,1,1,3Rd Qualifying Round,2019-08-06,Draw
62,Club Brugge KV,FK Dynamo Kyiv,1,0,3Rd Qualifying Round,2019-08-06,Club Brugge KV
63,FK Crvena Zvezda,FC København,1,1,3Rd Qualifying Round,2019-08-06,Draw
64,FK Krasnodar,FC Porto,0,1,3Rd Qualifying Round,2019-08-07,FC Porto
65,Medipol Başakşehir FK,PAE Olympiakos SFP,0,1,3Rd Qualifying Round,2019-08-07,PAE Olympiakos SFP
66,FC Basel 1893,LASK Linz,1,2,3Rd Qualifying Round,2019-08-07,LASK Linz
67,FC CFR 1907 Cluj,Celtic FC,1,1,3Rd Qualifying Round,2019-08-07,Draw
68,NK Maribor,Rosenborg BK,1,3,3Rd Qualifying Round,2019-08-07,Rosenborg BK
69,Qarabağ Ağdam FK,APOEL FC,0,2,3Rd Qualifying Round,2019-08-13,APOEL FC
70,Rosenborg BK,NK Maribor,3,1,3Rd Qualifying Round,2019-08-13,Rosenborg BK
71,FK Dynamo Kyiv,Club Brugge KV,3,3,3Rd Qualifying Round,2019-08-13,Draw
72,FC København,FK Crvena Zvezda,1,1,3Rd Qualifying Round,2019-08-13,Draw
73,Ferencvárosi TC,GNK Dinamo Zagreb,0,4,3Rd Qualifying Round,2019-08-13,GNK Dinamo Zagreb
74,AFC Ajax,PAOK FC,3,2,3Rd Qualifying Round,2019-08-13,AFC Ajax
75,PAE Olympiakos SFP,Medipol Başakşehir FK,2,0,3Rd Qualifying Round,2019-08-13,PAE Olympiakos SFP
76,LASK Linz,FC Basel 1893,3,1,3Rd Qualifying Round,2019-08-13,LASK Linz
77,Celtic FC,FC CFR 1907 Cluj,3,4,3Rd Qualifying Round,2019-08-13,FC CFR 1907 Cluj
78,FC Porto,FK Krasnodar,2,3,3Rd Qualifying Round,2019-08-13,FK Krasnodar
79,FC CFR 1907 Cluj,SK Slavia Praha,0,1,Play Off Round,2019-08-20,SK Slavia Praha
80,APOEL FC,AFC Ajax,0,0,Play Off Round,2019-08-20,Draw
81,LASK Linz,Club Brugge KV,0,1,Play Off Round,2019-08-20,Club Brugge KV
82,BSC Young Boys,FK Crvena Zvezda,2,2,Play Off Round,2019-08-21,Draw
83,GNK Dinamo Zagreb,Rosenborg BK,2,0,Play Off Round,2019-08-21,GNK Dinamo Zagreb
84,PAE Olympiakos SFP,FK Krasnodar,4,0,Play Off Round,2019-08-21,PAE Olympiakos SFP
85,FK Crvena Zvezda,BSC Young Boys,1,1,Play Off Round,2019-08-27,Draw
86,Rosenborg BK,GNK Dinamo Zagreb,1,1,Play Off Round,2019-08-27,Draw
87,FK Krasnodar,PAE Olympiakos SFP,1,2,Play Off Round,2019-08-27,PAE Olympiakos SFP
88,SK Slavia Praha,FC CFR 1907 Cluj,1,0,Play Off Round,2019-08-28,SK Slavia Praha
89,AFC Ajax,APOEL FC,2,0,Play Off Round,2019-08-28,AFC Ajax
90,Club Brugge KV,LASK Linz,2,1,Play Off Round,2019-08-28,Club Brugge KV
91,FC Internazionale Milano,SK Slavia Praha,1,1,Group Stage,2019-09-17,Draw
92,Olympique Lyonnais,FK Zenit Sankt-Petersburg,1,1,Group Stage,2019-09-17,Draw
93,SSC Napoli,Liverpool FC,2,0,Group Stage,2019-09-17,SSC Napoli
94,FC Red Bull Salzburg,KRC Genk,6,2,Group Stage,2019-09-17,FC Red Bull Salzburg
95,Borussia Dortmund,FC Barcelona,0,0,Group Stage,2019-09-17,Draw
96,Sport Lisboa e Benfica,RB Leipzig,1,2,Group Stage,2019-09-17,RB Leipzig
97,Chelsea FC,Valencia CF,0,1,Group Stage,2019-09-17,Valencia CF
98,AFC Ajax,Lille OSC,3,0,Group Stage,2019-09-17,AFC Ajax
99,Club Brugge KV,Galatasaray SK,0,0,Group Stage,2019-09-18,Draw
100,PAE Olympiakos SFP,Tottenham Hotspur FC,2,2,Group Stage,2019-09-18,Draw
101,Paris Saint-Germain FC,Real Madrid CF,3,0,Group Stage,2019-09-18,Paris Saint-Germain FC
102,FC Bayern München,FK Crvena Zvezda,3,0,Group Stage,2019-09-18,FC Bayern München
103,FK Shakhtar Donetsk,Manchester City FC,0,3,Group Stage,2019-09-18,Manchester City FC
104,GNK Dinamo Zagreb,Atalanta BC,4,0,Group Stage,2019-09-18,GNK Dinamo Zagreb
105,Bayer 04 Leverkusen,FK Lokomotiv Moskva,1,2,Group Stage,2019-09-18,FK Lokomotiv Moskva
106,Club Atlético de Madrid,Juventus FC,2,2,Group Stage,2019-09-18,Draw
107,Real Madrid CF,Club Brugge KV,2,2,Group Stage,2019-10-01,Draw
108,Atalanta BC,FK Shakhtar Donetsk,1,2,Group Stage,2019-10-01,FK Shakhtar Donetsk
109,Galatasaray SK,Paris Saint-Germain FC,0,1,Group Stage,2019-10-01,Paris Saint-Germain FC
110,Tottenham Hotspur FC,FC Bayern München,2,7,Group Stage,2019-10-01,FC Bayern München
111,FK Crvena Zvezda,PAE Olympiakos SFP,3,1,Group Stage,2019-10-01,FK Crvena Zvezda
112,Manchester City FC,GNK Dinamo Zagreb,2,0,Group Stage,2019-10-01,Manchester City FC
113,Juventus FC,Bayer 04 Leverkusen,3,0,Group Stage,2019-10-01,Juventus FC
114,FK Lokomotiv Moskva,Club Atlético de Madrid,0,2,Group Stage,2019-10-01,Club Atlético de Madrid
115,KRC Genk,SSC Napoli,0,0,Group Stage,2019-10-02,Draw
116,SK Slavia Praha,Borussia Dortmund,0,2,Group Stage,2019-10-02,Borussia Dortmund
117,Liverpool FC,FC Red Bull Salzburg,4,3,Group Stage,2019-10-02,Liverpool FC
118,FC Barcelona,FC Internazionale Milano,2,1,Group Stage,2019-10-02,FC Barcelona
119,FK Zenit Sankt-Petersburg,Sport Lisboa e Benfica,3,1,Group Stage,2019-10-02,FK Zenit Sankt-Petersburg
120,RB Leipzig,Olympique Lyonnais,0,2,Group Stage,2019-10-02,Olympique Lyonnais
121,Lille OSC,Chelsea FC,1,2,Group Stage,2019-10-02,Chelsea FC
122,Valencia CF,AFC Ajax,0,3,Group Stage,2019-10-02,AFC Ajax
123,FK Shakhtar Donetsk,GNK Dinamo Zagreb,2,2,Group Stage,2019-10-22,Draw
124,Club Atlético de Madrid,Bayer 04 Leverkusen,1,0,Group Stage,2019-10-22,Club Atlético de Madrid
125,Galatasaray SK,Real Madrid CF,0,1,Group Stage,2019-10-22,Real Madrid CF
126,Club Brugge KV,Paris Saint-Germain FC,0,5,Group Stage,2019-10-22,Paris Saint-Germain FC
127,Tottenham Hotspur FC,FK Crvena Zvezda,5,0,Group Stage,2019-10-22,Tottenham Hotspur FC
128,PAE Olympiakos SFP,FC Bayern München,2,3,Group Stage,2019-10-22,FC Bayern München
129,Manchester City FC,Atalanta BC,5,1,Group Stage,2019-10-22,Manchester City FC
130,Juventus FC,FK Lokomotiv Moskva,2,1,Group Stage,2019-10-22,Juventus FC
131,RB Leipzig,FK Zenit Sankt-Petersburg,2,1,Group Stage,2019-10-23,RB Leipzig
132,AFC Ajax,Chelsea FC,0,1,Group Stage,2019-10-23,Chelsea FC
133,FC Red Bull Salzburg,SSC Napoli,2,3,Group Stage,2019-10-23,SSC Napoli
134,KRC Genk,Liverpool FC,1,4,Group Stage,2019-10-23,Liverpool FC
135,FC Internazionale Milano,Borussia Dortmund,2,0,Group Stage,2019-10-23,FC Internazionale Milano
136,SK Slavia Praha,FC Barcelona,1,2,Group Stage,2019-10-23,FC Barcelona
137,Sport Lisboa e Benfica,Olympique Lyonnais,2,1,Group Stage,2019-10-23,Sport Lisboa e Benfica
138,Lille OSC,Valencia CF,1,1,Group Stage,2019-10-23,Draw
139,FC Barcelona,SK Slavia Praha,0,0,Group Stage,2019-11-05,Draw
140,FK Zenit Sankt-Petersburg,RB Leipzig,0,2,Group Stage,2019-11-05,RB Leipzig
141,Liverpool FC,KRC Genk,2,1,Group Stage,2019-11-05,Liverpool FC
142,SSC Napoli,FC Red Bull Salzburg,1,1,Group Stage,2019-11-05,Draw
143,Borussia Dortmund,FC Internazionale Milano,3,2,Group Stage,2019-11-05,Borussia Dortmund
144,Olympique Lyonnais,Sport Lisboa e Benfica,3,1,Group Stage,2019-11-05,Olympique Lyonnais
145,Chelsea FC,AFC Ajax,4,4,Group Stage,2019-11-05,Draw
146,Valencia CF,Lille OSC,4,1,Group Stage,2019-11-05,Valencia CF
147,FC Bayern München,PAE Olympiakos SFP,2,0,Group Stage,2019-11-06,FC Bayern München
148,FK Lokomotiv Moskva,Juventus FC,1,2,Group Stage,2019-11-06,Juventus FC
149,Paris Saint-Germain FC,Club Brugge KV,1,0,Group Stage,2019-11-06,Paris Saint-Germain FC
150,Real Madrid CF,Galatasaray SK,6,0,Group Stage,2019-11-06,Real Madrid CF
151,FK Crvena Zvezda,Tottenham Hotspur FC,0,4,Group Stage,2019-11-06,Tottenham Hotspur FC
152,Atalanta BC,Manchester City FC,1,1,Group Stage,2019-11-06,Draw
153,GNK Dinamo Zagreb,FK Shakhtar Donetsk,3,3,Group Stage,2019-11-06,Draw
154,Bayer 04 Leverkusen,Club Atlético de Madrid,2,1,Group Stage,2019-11-06,Bayer 04 Leverkusen
155,Galatasaray SK,Club Brugge KV,1,1,Group Stage,2019-11-26,Draw
156,FK Lokomotiv Moskva,Bayer 04 Leverkusen,0,2,Group Stage,2019-11-26,Bayer 04 Leverkusen
157,Real Madrid CF,Paris Saint-Germain FC,2,2,Group Stage,2019-11-26,Draw
158,Tottenham Hotspur FC,PAE Olympiakos SFP,4,2,Group Stage,2019-11-26,Tottenham Hotspur FC
159,FK Crvena Zvezda,FC Bayern München,0,6,Group Stage,2019-11-26,FC Bayern München
160,Manchester City FC,FK Shakhtar Donetsk,1,1,Group Stage,2019-11-26,Draw
161,Atalanta BC,GNK Dinamo Zagreb,2,0,Group Stage,2019-11-26,Atalanta BC
162,Juventus FC,Club Atlético de Madrid,1,0,Group Stage,2019-11-26,Juventus FC
163,FK Zenit Sankt-Petersburg,Olympique Lyonnais,2,0,Group Stage,2019-11-27,FK Zenit Sankt-Petersburg
164,Valencia CF,Chelsea FC,2,2,Group Stage,2019-11-27,Draw
165,Liverpool FC,SSC Napoli,1,1,Group Stage,2019-11-27,Draw
166,KRC Genk,FC Red Bull Salzburg,1,4,Group Stage,2019-11-27,FC Red Bull Salzburg
167,FC Barcelona,Borussia Dortmund,3,1,Group Stage,2019-11-27,FC Barcelona
168,SK Slavia Praha,FC Internazionale Milano,1,3,Group Stage,2019-11-27,FC Internazionale Milano
169,RB Leipzig,Sport Lisboa e Benfica,2,2,Group Stage,2019-11-27,Draw
170,Lille OSC,AFC Ajax,0,2,Group Stage,2019-11-27,AFC Ajax
171,SSC Napoli,KRC Genk,4,0,Group Stage,2019-12-10,SSC Napoli
172,FC Red Bull Salzburg,Liverpool FC,0,2,Group Stage,2019-12-10,Liverpool FC
173,Borussia Dortmund,SK Slavia Praha,2,1,Group Stage,2019-12-10,Borussia Dortmund
174,FC Internazionale Milano,FC Barcelona,1,2,Group Stage,2019-12-10,FC Barcelona
175,Olympique Lyonnais,RB Leipzig,2,2,Group Stage,2019-12-10,Draw
176,Sport Lisboa e Benfica,FK Zenit Sankt-Petersburg,3,0,Group Stage,2019-12-10,Sport Lisboa e Benfica
177,Chelsea FC,Lille OSC,2,1,Group Stage,2019-12-10,Chelsea FC
178,AFC Ajax,Valencia CF,0,1,Group Stage,2019-12-10,Valencia CF
179,FK Shakhtar Donetsk,Atalanta BC,0,3,Group Stage,2019-12-11,Atalanta BC
180,GNK Dinamo Zagreb,Manchester City FC,1,4,Group Stage,2019-12-11,Manchester City FC
181,Paris Saint-Germain FC,Galatasaray SK,5,0,Group Stage,2019-12-11,Paris Saint-Germain FC
182,Club Brugge KV,Real Madrid CF,1,3,Group Stage,2019-12-11,Real Madrid CF
183,FC Bayern München,Tottenham Hotspur FC,3,1,Group Stage,2019-12-11,FC Bayern München
184,PAE Olympiakos SFP,FK Crvena Zvezda,1,0,Group Stage,2019-12-11,PAE Olympiakos SFP
185,Bayer 04 Leverkusen,Juventus FC,0,2,Group Stage,2019-12-11,Juventus FC
186,Club Atlético de Madrid,FK Lokomotiv Moskva,2,0,Group Stage,2019-12-11,Club Atlético de Madrid
187,Borussia Dortmund,Paris Saint-Germain FC,2,1,Round Of 16,2020-02-18,Borussia Dortmund
188,Club Atlético de Madrid,Liverpool FC,1,0,Round Of 16,2020-02-18,Club Atlético de Madrid
189,Atalanta BC,Valencia CF,4,1,Round Of 16,2020-02-19,Atalanta BC
190,Tottenham Hotspur FC,RB Leipzig,0,1,Round Of 16,2020-02-19,RB Leipzig
191,Chelsea FC,FC Bayern München,0,3,Round Of 16,2020-02-25,FC Bayern München
192,SSC Napoli,FC Barcelona,1,1,Round Of 16,2020-02-25,Draw
193,Real Madrid CF,Manchester City FC,1,2,Round Of 16,2020-02-26,Manchester City FC
194,Olympique Lyonnais,Juventus FC,1,0,Round Of 16,2020-02-26,Olympique Lyonnais
195,Valencia CF,Atalanta BC,3,4,Round Of 16,2020-03-10,Atalanta BC
196,RB Leipzig,Tottenham Hotspur FC,3,0,Round Of 16,2020-03-10,RB Leipzig
197,Paris Saint-Germain FC,Borussia Dortmund,2,0,Round Of 16,2020-03-11,Paris Saint-Germain FC
198,Liverpool FC,Club Atlético de Madrid,2,3,Round Of 16,2020-03-11,Club Atlético de Madrid
199,Manchester City FC,Real Madrid CF,2,1,Round Of 16,2020-08-07,Manchester City FC
200,Juventus FC,Olympique Lyonnais,2,1,Round Of 16,2020-08-07,Juventus FC
201,FC Bayern München,Chelsea FC,4,1,Round Of 16,2020-08-08,FC Bayern München
202,FC Barcelona,SSC Napoli,3,1,Round Of 16,2020-08-08,FC Barcelona
203,Atalanta BC,Paris Saint-Germain FC,1,2,Quarter Finals,2020-08-12,Paris Saint-Germain FC
204,RB Leipzig,Club Atlético de Madrid,2,1,Quarter Finals,2020-08-13,RB Leipzig
205,FC Barcelona,FC Bayern München,2,8,Quarter Finals,2020-08-14,FC Bayern München
206,Manchester City FC,Olympique Lyonnais,1,3,Quarter Finals,2020-08-15,Olympique Lyonnais
207,RB Leipzig,Paris Saint-Germain FC,0,3,Semi Finals,2020-08-18,Paris Saint-Germain FC
208,Olympique Lyonnais,FC Bayern München,0,3,Semi Finals,2020-08-19,FC Bayern München
209,Paris Saint-Germain FC,FC Bayern München,0,1,Final,2020-08-23,FC Bayern München
0,SP Tre Fiori,Linfield FC,0,2,Preliminary Semi Finals,2020-08-08,Linfield FC
1,Drita KF Gjilan,Inter Club d'Escaldes,2,1,Preliminary Semi Finals,2020-08-08,Drita KF Gjilan
2,Drita KF Gjilan,Linfield FC,0,3,Preliminary Final,2020-08-11,Linfield FC
3,Qarabağ Ağdam FK,FK Sileks,4,0,1St Qualifying Round,2020-08-18,Qarabağ Ağdam FK
4,Legia Warszawa,Linfield FC,1,0,1St Qualifying Round,2020-08-18,Legia Warszawa
5,FK Dinamo Brest,Astana FK,6,3,1St Qualifying Round,2020-08-18,FK Dinamo Brest
6,Celtic FC,KR Reykjavík,6,0,1St Qualifying Round,2020-08-18,Celtic FC
7,FK Crvena Zvezda,Europa FC,5,0,1St Qualifying Round,2020-08-18,FK Crvena Zvezda
8,FC Ararat-Armenia,AS Omonia Lefkosía,0,1,1St Qualifying Round,2020-08-19,AS Omonia Lefkosía
9,Molde FK,Kuopion PS,5,0,1St Qualifying Round,2020-08-19,Molde FK
10,FC Flora,FK Sūduva Marijampolė,1,1,1St Qualifying Round,2020-08-19,Draw
11,FC Dinamo Tbilisi,KF Tirana,0,2,1St Qualifying Round,2020-08-19,KF Tirana
12,Maccabi Tel Aviv FC,Rīga FC,2,0,1St Qualifying Round,2020-08-19,Maccabi Tel Aviv FC
13,NK Celje,Dundalk FC,3,0,1St Qualifying Round,2020-08-19,NK Celje
14,Ferencvárosi TC,Djurgårdens IF Fotboll,2,0,1St Qualifying Round,2020-08-19,Ferencvárosi TC
15,FK Budućnost Podgorica,PFK Ludogorets 1945 Razgrad,1,3,1St Qualifying Round,2020-08-19,PFK Ludogorets 1945 Razgrad
16,Connah's Quay Nomads FC,FK Sarajevo,0,2,1St Qualifying Round,2020-08-19,FK Sarajevo
17,FC Sheriff Tiraspol,CS Fola Esch,2,0,1St Qualifying Round,2020-08-19,FC Sheriff Tiraspol
18,Floriana FC,FC CFR 1907 Cluj,0,2,1St Qualifying Round,2020-08-19,FC CFR 1907 Cluj
19,KÍ,ŠK Slovan Bratislava,3,0,1St Qualifying Round,2020-08-21,KÍ
20,PAOK FC,Beşiktaş JK,3,1,2Nd Qualifying Round,2020-08-25,PAOK FC
21,KF Tirana,FK Crvena Zvezda,0,1,2Nd Qualifying Round,2020-08-25,FK Crvena Zvezda
22,AZ,FC Viktoria Plzeň,3,1,2Nd Qualifying Round,2020-08-26,AZ
23,Qarabağ Ağdam FK,FC Sheriff Tiraspol,2,1,2Nd Qualifying Round,2020-08-26,Qarabağ Ağdam FK
24,FK Sūduva Marijampolė,Maccabi Tel Aviv FC,0,3,2Nd Qualifying Round,2020-08-26,Maccabi Tel Aviv FC
25,NK Celje,Molde FK,1,2,2Nd Qualifying Round,2020-08-26,Molde FK
26,NK Lokomotiva Zagreb,SK Rapid Wien,0,1,2Nd Qualifying Round,2020-08-26,SK Rapid Wien
27,PFK Ludogorets 1945 Razgrad,FC Midtjylland,0,1,2Nd Qualifying Round,2020-08-26,FC Midtjylland
28,FC CFR 1907 Cluj,GNK Dinamo Zagreb,2,2,2Nd Qualifying Round,2020-08-26,Draw
29,Legia Warszawa,AS Omonia Lefkosía,0,2,2Nd Qualifying Round,2020-08-26,AS Omonia Lefkosía
30,FK Dinamo Brest,FK Sarajevo,2,1,2Nd Qualifying Round,2020-08-26,FK Dinamo Brest
31,BSC Young Boys,KÍ,3,1,2Nd Qualifying Round,2020-08-26,BSC Young Boys
32,Celtic FC,Ferencvárosi TC,1,2,2Nd Qualifying Round,2020-08-26,Ferencvárosi TC
33,FK Dynamo Kyiv,AZ,2,0,3Rd Qualifying Round,2020-09-15,FK Dynamo Kyiv
34,PAOK FC,Sport Lisboa e Benfica,2,1,3Rd Qualifying Round,2020-09-15,PAOK FC
35,KAA Gent,SK Rapid Wien,2,1,3Rd Qualifying Round,2020-09-15,KAA Gent
36,AS Omonia Lefkosía,FK Crvena Zvezda,1,1,3Rd Qualifying Round,2020-09-16,Draw
37,Qarabağ Ağdam FK,Molde FK,0,0,3Rd Qualifying Round,2020-09-16,Draw
38,Maccabi Tel Aviv FC,FK Dinamo Brest,1,0,3Rd Qualifying Round,2020-09-16,Maccabi Tel Aviv FC
39,Ferencvárosi TC,GNK Dinamo Zagreb,2,1,3Rd Qualifying Round,2020-09-16,Ferencvárosi TC
40,FC Midtjylland,BSC Young Boys,3,0,3Rd Qualifying Round,2020-09-16,FC Midtjylland
41,FK Krasnodar,PAOK FC,2,1,Play Off Round,2020-09-22,FK Krasnodar
42,SK Slavia Praha,FC Midtjylland,0,0,Play Off Round,2020-09-22,Draw
43,Maccabi Tel Aviv FC,FC Red Bull Salzburg,1,2,Play Off Round,2020-09-22,FC Red Bull Salzburg
44,Molde FK,Ferencvárosi TC,3,3,Play Off Round,2020-09-23,Draw
45,KAA Gent,FK Dynamo Kyiv,1,2,Play Off Round,2020-09-23,FK Dynamo Kyiv
46,PAE Olympiakos SFP,AS Omonia Lefkosía,2,0,Play Off Round,2020-09-23,PAE Olympiakos SFP
47,Ferencvárosi TC,Molde FK,0,0,Play Off Round,2020-09-29,Draw
48,FK Dynamo Kyiv,KAA Gent,3,0,Play Off Round,2020-09-29,FK Dynamo Kyiv
49,AS Omonia Lefkosía,PAE Olympiakos SFP,0,0,Play Off Round,2020-09-29,Draw
50,PAOK FC,FK Krasnodar,1,2,Play Off Round,2020-09-30,FK Krasnodar
51,FC Midtjylland,SK Slavia Praha,4,1,Play Off Round,2020-09-30,FC Midtjylland
52,FC Red Bull Salzburg,Maccabi Tel Aviv FC,3,1,Play Off Round,2020-09-30,FC Red Bull Salzburg
53,FK Zenit Sankt-Petersburg,Club Brugge KV,1,2,Group Stage,2020-10-20,Club Brugge KV
54,FK Dynamo Kyiv,Juventus FC,0,2,Group Stage,2020-10-20,Juventus FC
55,Chelsea FC,Sevilla FC,0,0,Group Stage,2020-10-20,Draw
56,Stade Rennais FC 1901,FK Krasnodar,1,1,Group Stage,2020-10-20,Draw
57,SS Lazio,Borussia Dortmund,3,1,Group Stage,2020-10-20,SS Lazio
58,FC Barcelona,Ferencvárosi TC,5,1,Group Stage,2020-10-20,FC Barcelona
59,Paris Saint-Germain FC,Manchester United FC,1,2,Group Stage,2020-10-20,Manchester United FC
60,RB Leipzig,Medipol Başakşehir FK,2,0,Group Stage,2020-10-20,RB Leipzig
61,FC Red Bull Salzburg,FK Lokomotiv Moskva,2,2,Group Stage,2020-10-21,Draw
62,Real Madrid CF,FK Shakhtar Donetsk,2,3,Group Stage,2020-10-21,FK Shakhtar Donetsk
63,FC Bayern München,Club Atlético de Madrid,4,0,Group Stage,2020-10-21,FC Bayern München
64,FC Internazionale Milano,Borussia Mönchengladbach,2,2,Group Stage,2020-10-21,Draw
65,Manchester City FC,FC Porto,3,1,Group Stage,2020-10-21,Manchester City FC
66,PAE Olympiakos SFP,Olympique de Marseille,1,0,Group Stage,2020-10-21,PAE Olympiakos SFP
67,AFC Ajax,Liverpool FC,0,1,Group Stage,2020-10-21,Liverpool FC
68,FC Midtjylland,Atalanta BC,0,4,Group Stage,2020-10-21,Atalanta BC
69,FK Lokomotiv Moskva,FC Bayern München,1,2,Group Stage,2020-10-27,FC Bayern München
70,FK Shakhtar Donetsk,FC Internazionale Milano,0,0,Group Stage,2020-10-27,Draw
71,Club Atlético de Madrid,FC Red Bull Salzburg,3,2,Group Stage,2020-10-27,Club Atlético de Madrid
72,Borussia Mönchengladbach,Real Madrid CF,2,2,Group Stage,2020-10-27,Draw
73,Olympique de Marseille,Manchester City FC,0,3,Group Stage,2020-10-27,Manchester City FC
74,FC Porto,PAE Olympiakos SFP,2,0,Group Stage,2020-10-27,FC Porto
75,Liverpool FC,FC Midtjylland,2,0,Group Stage,2020-10-27,Liverpool FC
76,Atalanta BC,AFC Ajax,2,2,Group Stage,2020-10-27,Draw
77,FK Krasnodar,Chelsea FC,0,4,Group Stage,2020-10-28,Chelsea FC
78,Medipol Başakşehir FK,Paris Saint-Germain FC,0,2,Group Stage,2020-10-28,Paris Saint-Germain FC
79,Sevilla FC,Stade Rennais FC 1901,1,0,Group Stage,2020-10-28,Sevilla FC
80,Borussia Dortmund,FK Zenit Sankt-Petersburg,2,0,Group Stage,2020-10-28,Borussia Dortmund
81,Club Brugge KV,SS Lazio,1,1,Group Stage,2020-10-28,Draw
82,Juventus FC,FC Barcelona,0,2,Group Stage,2020-10-28,FC Barcelona
83,Ferencvárosi TC,FK Dynamo Kyiv,2,2,Group Stage,2020-10-28,Draw
84,Manchester United FC,RB Leipzig,5,0,Group Stage,2020-10-28,Manchester United FC
85,FK Lokomotiv Moskva,Club Atlético de Madrid,1,1,Group Stage,2020-11-03,Draw
86,FK Shakhtar Donetsk,Borussia Mönchengladbach,0,6,Group Stage,2020-11-03,Borussia Mönchengladbach
87,FC Red Bull Salzburg,FC Bayern München,2,6,Group Stage,2020-11-03,FC Bayern München
88,Real Madrid CF,FC Internazionale Milano,3,2,Group Stage,2020-11-03,Real Madrid CF
89,Manchester City FC,PAE Olympiakos SFP,3,0,Group Stage,2020-11-03,Manchester City FC
90,FC Porto,Olympique de Marseille,3,0,Group Stage,2020-11-03,FC Porto
91,Atalanta BC,Liverpool FC,0,5,Group Stage,2020-11-03,Liverpool FC
92,FC Midtjylland,AFC Ajax,1,2,Group Stage,2020-11-03,AFC Ajax
93,FK Zenit Sankt-Petersburg,SS Lazio,1,1,Group Stage,2020-11-04,Draw
94,Medipol Başakşehir FK,Manchester United FC,2,1,Group Stage,2020-11-04,Medipol Başakşehir FK
95,Chelsea FC,Stade Rennais FC 1901,3,0,Group Stage,2020-11-04,Chelsea FC
96,Sevilla FC,FK Krasnodar,3,2,Group Stage,2020-11-04,Sevilla FC
97,Club Brugge KV,Borussia Dortmund,0,3,Group Stage,2020-11-04,Borussia Dortmund
98,FC Barcelona,FK Dynamo Kyiv,2,1,Group Stage,2020-11-04,FC Barcelona
99,Ferencvárosi TC,Juventus FC,1,4,Group Stage,2020-11-04,Juventus FC
100,RB Leipzig,Paris Saint-Germain FC,2,1,Group Stage,2020-11-04,RB Leipzig
101,Stade Rennais FC 1901,Chelsea FC,1,2,Group Stage,2020-11-24,Chelsea FC
102,FK Krasnodar,Sevilla FC,1,2,Group Stage,2020-11-24,Sevilla FC
103,Borussia Dortmund,Club Brugge KV,3,0,Group Stage,2020-11-24,Borussia Dortmund
104,SS Lazio,FK Zenit Sankt-Petersburg,3,1,Group Stage,2020-11-24,SS Lazio
105,Juventus FC,Ferencvárosi TC,2,1,Group Stage,2020-11-24,Juventus FC
106,FK Dynamo Kyiv,FC Barcelona,0,4,Group Stage,2020-11-24,FC Barcelona
107,Manchester United FC,Medipol Başakşehir FK,4,1,Group Stage,2020-11-24,Manchester United FC
108,Paris Saint-Germain FC,RB Leipzig,1,0,Group Stage,2020-11-24,Paris Saint-Germain FC
109,Borussia Mönchengladbach,FK Shakhtar Donetsk,4,0,Group Stage,2020-11-25,Borussia Mönchengladbach
110,PAE Olympiakos SFP,Manchester City FC,0,1,Group Stage,2020-11-25,Manchester City FC
111,FC Bayern München,FC Red Bull Salzburg,3,1,Group Stage,2020-11-25,FC Bayern München
112,Club Atlético de Madrid,FK Lokomotiv Moskva,0,0,Group Stage,2020-11-25,Draw
113,FC Internazionale Milano,Real Madrid CF,0,2,Group Stage,2020-11-25,Real Madrid CF
114,Olympique de Marseille,FC Porto,0,2,Group Stage,2020-11-25,FC Porto
115,Liverpool FC,Atalanta BC,0,2,Group Stage,2020-11-25,Atalanta BC
116,AFC Ajax,FC Midtjylland,3,1,Group Stage,2020-11-25,AFC Ajax
117,FK Lokomotiv Moskva,FC Red Bull Salzburg,1,3,Group Stage,2020-12-01,FC Red Bull Salzburg
118,FK Shakhtar Donetsk,Real Madrid CF,2,0,Group Stage,2020-12-01,FK Shakhtar Donetsk
119,Club Atlético de Madrid,FC Bayern München,1,1,Group Stage,2020-12-01,Draw
120,Borussia Mönchengladbach,FC Internazionale Milano,2,3,Group Stage,2020-12-01,FC Internazionale Milano
121,Olympique de Marseille,PAE Olympiakos SFP,2,1,Group Stage,2020-12-01,Olympique de Marseille
122,FC Porto,Manchester City FC,0,0,Group Stage,2020-12-01,Draw
123,Liverpool FC,AFC Ajax,1,0,Group Stage,2020-12-01,Liverpool FC
124,Atalanta BC,FC Midtjylland,1,1,Group Stage,2020-12-01,Draw
125,FK Krasnodar,Stade Rennais FC 1901,1,0,Group Stage,2020-12-02,FK Krasnodar
126,Medipol Başakşehir FK,RB Leipzig,3,4,Group Stage,2020-12-02,RB Leipzig
127,Sevilla FC,Chelsea FC,0,4,Group Stage,2020-12-02,Chelsea FC
128,Borussia Dortmund,SS Lazio,1,1,Group Stage,2020-12-02,Draw
129,Club Brugge KV,FK Zenit Sankt-Petersburg,3,0,Group Stage,2020-12-02,Club Brugge KV
130,Juventus FC,FK Dynamo Kyiv,3,0,Group Stage,2020-12-02,Juventus FC
131,Ferencvárosi TC,FC Barcelona,0,3,Group Stage,2020-12-02,FC Barcelona
132,Manchester United FC,Paris Saint-Germain FC,1,3,Group Stage,2020-12-02,Paris Saint-Germain FC
133,FK Zenit Sankt-Petersburg,Borussia Dortmund,1,2,Group Stage,2020-12-08,Borussia Dortmund
134,SS Lazio,Club Brugge KV,2,2,Group Stage,2020-12-08,Draw
135,Chelsea FC,FK Krasnodar,1,1,Group Stage,2020-12-08,Draw
136,Stade Rennais FC 1901,Sevilla FC,1,3,Group Stage,2020-12-08,Sevilla FC
137,FC Barcelona,Juventus FC,0,3,Group Stage,2020-12-08,Juventus FC
138,FK Dynamo Kyiv,Ferencvárosi TC,1,0,Group Stage,2020-12-08,FK Dynamo Kyiv
139,RB Leipzig,Manchester United FC,3,2,Group Stage,2020-12-08,RB Leipzig
140,AFC Ajax,Atalanta BC,0,1,Group Stage,2020-12-09,Atalanta BC
141,FC Midtjylland,Liverpool FC,1,1,Group Stage,2020-12-09,Draw
142,Paris Saint-Germain FC,Medipol Başakşehir FK,5,1,Group Stage,2020-12-09,Paris Saint-Germain FC
143,FC Bayern München,FK Lokomotiv Moskva,2,0,Group Stage,2020-12-09,FC Bayern München
144,FC Red Bull Salzburg,Club Atlético de Madrid,0,2,Group Stage,2020-12-09,Club Atlético de Madrid
145,Real Madrid CF,Borussia Mönchengladbach,2,0,Group Stage,2020-12-09,Real Madrid CF
146,FC Internazionale Milano,FK Shakhtar Donetsk,0,0,Group Stage,2020-12-09,Draw
147,Manchester City FC,Olympique de Marseille,3,0,Group Stage,2020-12-09,Manchester City FC
148,PAE Olympiakos SFP,FC Porto,0,2,Group Stage,2020-12-09,FC Porto
149,RB Leipzig,Liverpool FC,0,2,Round Of 16,2021-02-16,Liverpool FC
150,FC Barcelona,Paris Saint-Germain FC,1,4,Round Of 16,2021-02-16,Paris Saint-Germain FC
151,FC Porto,Juventus FC,2,1,Round Of 16,2021-02-17,FC Porto
152,Sevilla FC,Borussia Dortmund,2,3,Round Of 16,2021-02-17,Borussia Dortmund
153,SS Lazio,FC Bayern München,1,4,Round Of 16,2021-02-23,FC Bayern München
154,Club Atlético de Madrid,Chelsea FC,0,1,Round Of 16,2021-02-23,Chelsea FC
155,Borussia Mönchengladbach,Manchester City FC,0,2,Round Of 16,2021-02-24,Manchester City FC
156,Atalanta BC,Real Madrid CF,0,1,Round Of 16,2021-02-24,Real Madrid CF
157,Juventus FC,FC Porto,3,2,Round Of 16,2021-03-09,Juventus FC
158,Borussia Dortmund,Sevilla FC,2,2,Round Of 16,2021-03-09,Draw
159,Liverpool FC,RB Leipzig,2,0,Round Of 16,2021-03-10,Liverpool FC
160,Paris Saint-Germain FC,FC Barcelona,1,1,Round Of 16,2021-03-10,Draw
161,Manchester City FC,Borussia Mönchengladbach,2,0,Round Of 16,2021-03-16,Manchester City FC
162,Real Madrid CF,Atalanta BC,3,1,Round Of 16,2021-03-16,Real Madrid CF
163,FC Bayern München,SS Lazio,2,1,Round Of 16,2021-03-17,FC Bayern München
164,Chelsea FC,Club Atlético de Madrid,2,0,Round Of 16,2021-03-17,Chelsea FC
165,Manchester City FC,Borussia Dortmund,2,1,Quarter Finals,2021-04-06,Manchester City FC
166,Real Madrid CF,Liverpool FC,3,1,Quarter Finals,2021-04-06,Real Madrid CF
167,FC Porto,Chelsea FC,0,2,Quarter Finals,2021-04-07,Chelsea FC
168,FC Bayern München,Paris Saint-Germain FC,2,3,Quarter Finals,2021-04-07,Paris Saint-Germain FC
169,Chelsea FC,FC Porto,0,1,Quarter Finals,2021-04-13,FC Porto
170,Paris Saint-Germain FC,FC Bayern München,0,1,Quarter Finals,2021-04-13,FC Bayern München
171,Borussia Dortmund,Manchester City FC,1,2,Quarter Finals,2021-04-14,Manchester City FC
172,Liverpool FC,Real Madrid CF,0,0,Quarter Finals,2021-04-14,Draw
173,Real Madrid CF,Chelsea FC,1,1,Semi Finals,2021-04-27,Draw
174,Paris Saint-Germain FC,Manchester City FC,1,2,Semi Finals,2021-04-28,Manchester City FC
175,Manchester City FC,Paris Saint-Germain FC,2,0,Semi Finals,2021-05-04,Manchester City FC
176,Chelsea FC,Real Madrid CF,2,0,Semi Finals,2021-05-05,Chelsea FC
177,Manchester City FC,Chelsea FC,0,0,Final,2021-05-29,Draw
